collection,sample number,design,predated,location,date,rain,overcast,sun,temperature,slug
1,1,1,1,1,14/02/2024,1,0,0,9,0
1,2,1,1,1,14/02/2024,1,0,0,9,0
1,3,1,1,1,14/02/2024,1,0,0,9,0
1,4,1,1,1,14/02/2024,1,0,0,9,0
1,5,1,1,1,14/02/2024,1,0,0,9,0
1,6,1,1,1,14/02/2024,1,0,0,9,0
1,7,1,1,1,14/02/2024,1,0,0,9,0
1,8,1,1,1,14/02/2024,1,0,0,9,0
1,9,1,1,1,14/02/2024,1,0,0,9,0
1,10,1,1,1,14/02/2024,1,0,0,9,0
1,11,1,1,1,14/02/2024,1,0,0,9,0
1,12,1,1,1,14/02/2024,1,0,0,9,0
1,13,1,1,1,14/02/2024,1,0,0,9,0
1,14,1,1,1,14/02/2024,1,0,0,9,0
1,15,1,1,1,14/02/2024,1,0,0,9,0
1,16,1,1,1,14/02/2024,1,0,0,9,0
1,17,1,1,1,14/02/2024,1,0,0,9,0
1,18,1,1,1,14/02/2024,1,0,0,9,0
1,19,1,1,1,14/02/2024,1,0,0,9,0
1,20,1,1,1,14/02/2024,1,0,0,9,0
1,21,1,1,1,14/02/2024,1,0,0,9,0
1,22,1,1,1,14/02/2024,1,0,0,9,0
1,23,1,1,1,14/02/2024,1,0,0,9,0
1,24,1,1,1,14/02/2024,1,0,0,9,0
1,25,1,1,1,14/02/2024,1,0,0,9,0
1,26,1,1,1,14/02/2024,1,0,0,9,0
1,27,1,1,1,14/02/2024,1,0,0,9,0
1,28,1,0,1,14/02/2024,1,0,0,9,0
1,29,1,0,1,14/02/2024,1,0,0,9,0
1,30,1,0,1,14/02/2024,1,0,0,9,0
1,31,1,0,1,14/02/2024,1,0,0,9,0
1,32,1,0,1,14/02/2024,1,0,0,9,0
1,33,1,0,1,14/02/2024,1,0,0,9,0
1,34,1,0,1,14/02/2024,1,0,0,9,0
1,35,1,0,1,14/02/2024,1,0,0,9,0
1,36,1,0,1,14/02/2024,1,0,0,9,0
1,37,1,0,1,14/02/2024,1,0,0,9,0
1,38,1,0,1,14/02/2024,1,0,0,9,0
1,39,1,0,1,14/02/2024,1,0,0,9,0
1,40,1,0,1,14/02/2024,1,0,0,9,0
1,41,2,1,1,14/02/2024,1,0,0,9,0
1,42,2,1,1,14/02/2024,1,0,0,9,0
1,43,2,1,1,14/02/2024,1,0,0,9,0
1,44,2,1,1,14/02/2024,1,0,0,9,0
1,45,2,1,1,14/02/2024,1,0,0,9,0
1,46,2,1,1,14/02/2024,1,0,0,9,0
1,47,2,1,1,14/02/2024,1,0,0,9,0
1,48,2,1,1,14/02/2024,1,0,0,9,0
1,49,2,1,1,14/02/2024,1,0,0,9,0
1,50,2,1,1,14/02/2024,1,0,0,9,0
1,51,2,1,1,14/02/2024,1,0,0,9,0
1,52,2,1,1,14/02/2024,1,0,0,9,0
1,53,2,1,1,14/02/2024,1,0,0,9,0
1,54,2,1,1,14/02/2024,1,0,0,9,0
1,55,2,1,1,14/02/2024,1,0,0,9,0
1,56,2,1,1,14/02/2024,1,0,0,9,0
1,57,2,1,1,14/02/2024,1,0,0,9,0
1,58,2,1,1,14/02/2024,1,0,0,9,0
1,59,2,1,1,14/02/2024,1,0,0,9,0
1,60,2,1,1,14/02/2024,1,0,0,9,0
1,61,2,1,1,14/02/2024,1,0,0,9,0
1,62,2,1,1,14/02/2024,1,0,0,9,0
1,63,2,1,1,14/02/2024,1,0,0,9,0
1,64,2,0,1,14/02/2024,1,0,0,9,0
1,65,2,0,1,14/02/2024,1,0,0,9,0
1,66,2,0,1,14/02/2024,1,0,0,9,0
1,67,2,0,1,14/02/2024,1,0,0,9,0
1,68,2,0,1,14/02/2024,1,0,0,9,0
1,69,2,0,1,14/02/2024,1,0,0,9,0
1,70,2,0,1,14/02/2024,1,0,0,9,0
1,71,2,0,1,14/02/2024,1,0,0,9,0
1,72,2,0,1,14/02/2024,1,0,0,9,0
1,73,2,0,1,14/02/2024,1,0,0,9,0
1,74,2,0,1,14/02/2024,1,0,0,9,0
1,75,2,0,1,14/02/2024,1,0,0,9,0
1,76,2,0,1,14/02/2024,1,0,0,9,0
1,77,2,0,1,14/02/2024,1,0,0,9,0
1,78,2,0,1,14/02/2024,1,0,0,9,0
1,79,2,NA,1,14/02/2024,1,0,0,9,0
1,80,2,NA,1,14/02/2024,1,0,0,9,0
1,81,3,1,1,14/02/2024,1,0,0,9,0
1,82,3,1,1,14/02/2024,1,0,0,9,0
1,83,3,1,1,14/02/2024,1,0,0,9,0
1,84,3,1,1,14/02/2024,1,0,0,9,0
1,85,3,1,1,14/02/2024,1,0,0,9,0
1,86,3,1,1,14/02/2024,1,0,0,9,0
1,87,3,1,1,14/02/2024,1,0,0,9,0
1,88,3,1,1,14/02/2024,1,0,0,9,0
1,89,3,1,1,14/02/2024,1,0,0,9,0
1,90,3,1,1,14/02/2024,1,0,0,9,0
1,91,3,1,1,14/02/2024,1,0,0,9,0
1,92,3,1,1,14/02/2024,1,0,0,9,0
1,93,3,1,1,14/02/2024,1,0,0,9,0
1,94,3,1,1,14/02/2024,1,0,0,9,0
1,95,3,1,1,14/02/2024,1,0,0,9,0
1,96,3,1,1,14/02/2024,1,0,0,9,0
1,97,3,1,1,14/02/2024,1,0,0,9,0
1,98,3,1,1,14/02/2024,1,0,0,9,0
1,99,3,1,1,14/02/2024,1,0,0,9,0
1,100,3,1,1,14/02/2024,1,0,0,9,0
1,101,3,1,1,14/02/2024,1,0,0,9,0
1,102,3,1,1,14/02/2024,1,0,0,9,0
1,103,3,1,1,14/02/2024,1,0,0,9,0
1,104,3,1,1,14/02/2024,1,0,0,9,0
1,105,3,0,1,14/02/2024,1,0,0,9,0
1,106,3,0,1,14/02/2024,1,0,0,9,0
1,107,3,0,1,14/02/2024,1,0,0,9,0
1,108,3,0,1,14/02/2024,1,0,0,9,0
1,109,3,0,1,14/02/2024,1,0,0,9,0
1,110,3,0,1,14/02/2024,1,0,0,9,0
1,111,3,0,1,14/02/2024,1,0,0,9,0
1,112,3,0,1,14/02/2024,1,0,0,9,0
1,113,3,0,1,14/02/2024,1,0,0,9,0
1,114,3,0,1,14/02/2024,1,0,0,9,0
1,115,3,0,1,14/02/2024,1,0,0,9,0
1,116,3,0,1,14/02/2024,1,0,0,9,0
1,117,3,0,1,14/02/2024,1,0,0,9,0
1,118,3,0,1,14/02/2024,1,0,0,9,0
1,119,3,0,1,14/02/2024,1,0,0,9,0
1,120,3,NA,1,14/02/2024,1,0,0,9,0
2,121,1,1,2,14/02/2024,1,0,0,9,0
2,122,1,1,2,14/02/2024,1,0,0,9,0
2,123,1,1,2,14/02/2024,1,0,0,9,0
2,124,1,1,2,14/02/2024,1,0,0,9,0
2,125,1,1,2,14/02/2024,1,0,0,9,0
2,126,1,1,2,14/02/2024,1,0,0,9,0
2,127,1,1,2,14/02/2024,1,0,0,9,0
2,128,1,1,2,14/02/2024,1,0,0,9,0
2,129,1,1,2,14/02/2024,1,0,0,9,0
2,130,1,1,2,14/02/2024,1,0,0,9,0
2,131,1,1,2,14/02/2024,1,0,0,9,0
2,132,1,1,2,14/02/2024,1,0,0,9,0
2,133,1,1,2,14/02/2024,1,0,0,9,0
2,134,1,1,2,14/02/2024,1,0,0,9,0
2,135,1,1,2,14/02/2024,1,0,0,9,0
2,136,1,1,2,14/02/2024,1,0,0,9,0
2,137,1,1,2,14/02/2024,1,0,0,9,0
2,138,1,1,2,14/02/2024,1,0,0,9,0
2,139,1,1,2,14/02/2024,1,0,0,9,0
2,140,1,1,2,14/02/2024,1,0,0,9,0
2,141,1,1,2,14/02/2024,1,0,0,9,0
2,142,1,1,2,14/02/2024,1,0,0,9,0
2,143,1,1,2,14/02/2024,1,0,0,9,0
2,144,1,1,2,14/02/2024,1,0,0,9,0
2,145,1,1,2,14/02/2024,1,0,0,9,0
2,146,1,1,2,14/02/2024,1,0,0,9,0
2,147,1,1,2,14/02/2024,1,0,0,9,0
2,148,1,1,2,14/02/2024,1,0,0,9,0
2,149,1,0,2,14/02/2024,1,0,0,9,0
2,150,1,0,2,14/02/2024,1,0,0,9,0
2,151,1,0,2,14/02/2024,1,0,0,9,0
2,152,1,0,2,14/02/2024,1,0,0,9,0
2,153,1,0,2,14/02/2024,1,0,0,9,0
2,154,1,0,2,14/02/2024,1,0,0,9,0
2,155,1,0,2,14/02/2024,1,0,0,9,0
2,156,1,0,2,14/02/2024,1,0,0,9,0
2,157,1,0,2,14/02/2024,1,0,0,9,0
2,158,1,0,2,14/02/2024,1,0,0,9,0
2,159,1,0,2,14/02/2024,1,0,0,9,0
2,160,1,0,2,14/02/2024,1,0,0,9,0
2,161,2,1,2,14/02/2024,1,0,0,9,0
2,162,2,1,2,14/02/2024,1,0,0,9,0
2,163,2,1,2,14/02/2024,1,0,0,9,0
2,164,2,1,2,14/02/2024,1,0,0,9,0
2,165,2,1,2,14/02/2024,1,0,0,9,0
2,166,2,1,2,14/02/2024,1,0,0,9,0
2,167,2,1,2,14/02/2024,1,0,0,9,0
2,168,2,1,2,14/02/2024,1,0,0,9,0
2,169,2,1,2,14/02/2024,1,0,0,9,0
2,170,2,1,2,14/02/2024,1,0,0,9,0
2,171,2,1,2,14/02/2024,1,0,0,9,0
2,172,2,1,2,14/02/2024,1,0,0,9,0
2,173,2,1,2,14/02/2024,1,0,0,9,0
2,174,2,1,2,14/02/2024,1,0,0,9,0
2,175,2,1,2,14/02/2024,1,0,0,9,0
2,176,2,1,2,14/02/2024,1,0,0,9,0
2,177,2,0,2,14/02/2024,1,0,0,9,0
2,178,2,0,2,14/02/2024,1,0,0,9,0
2,179,2,0,2,14/02/2024,1,0,0,9,0
2,180,2,0,2,14/02/2024,1,0,0,9,0
2,181,2,0,2,14/02/2024,1,0,0,9,0
2,182,2,0,2,14/02/2024,1,0,0,9,0
2,183,2,0,2,14/02/2024,1,0,0,9,0
2,184,2,0,2,14/02/2024,1,0,0,9,0
2,185,2,0,2,14/02/2024,1,0,0,9,0
2,186,2,0,2,14/02/2024,1,0,0,9,0
2,187,2,0,2,14/02/2024,1,0,0,9,0
2,188,2,0,2,14/02/2024,1,0,0,9,0
2,189,2,0,2,14/02/2024,1,0,0,9,0
2,190,2,0,2,14/02/2024,1,0,0,9,0
2,191,2,0,2,14/02/2024,1,0,0,9,0
2,192,2,0,2,14/02/2024,1,0,0,9,0
2,193,2,0,2,14/02/2024,1,0,0,9,0
2,194,2,0,2,14/02/2024,1,0,0,9,0
2,195,2,0,2,14/02/2024,1,0,0,9,0
2,196,2,0,2,14/02/2024,1,0,0,9,0
2,197,2,0,2,14/02/2024,1,0,0,9,0
2,198,2,0,2,14/02/2024,1,0,0,9,0
2,199,2,0,2,14/02/2024,1,0,0,9,0
2,200,2,NA,2,14/02/2024,1,0,0,9,0
2,201,3,1,2,14/02/2024,1,0,0,9,0
2,202,3,1,2,14/02/2024,1,0,0,9,0
2,203,3,1,2,14/02/2024,1,0,0,9,0
2,204,3,1,2,14/02/2024,1,0,0,9,0
2,205,3,1,2,14/02/2024,1,0,0,9,0
2,206,3,1,2,14/02/2024,1,0,0,9,0
2,207,3,1,2,14/02/2024,1,0,0,9,0
2,208,3,1,2,14/02/2024,1,0,0,9,0
2,209,3,1,2,14/02/2024,1,0,0,9,0
2,210,3,1,2,14/02/2024,1,0,0,9,0
2,211,3,1,2,14/02/2024,1,0,0,9,0
2,212,3,1,2,14/02/2024,1,0,0,9,0
2,213,3,1,2,14/02/2024,1,0,0,9,0
2,214,3,1,2,14/02/2024,1,0,0,9,0
2,215,3,1,2,14/02/2024,1,0,0,9,0
2,216,3,1,2,14/02/2024,1,0,0,9,0
2,217,3,1,2,14/02/2024,1,0,0,9,0
2,218,3,1,2,14/02/2024,1,0,0,9,0
2,219,3,1,2,14/02/2024,1,0,0,9,0
2,220,3,0,2,14/02/2024,1,0,0,9,0
2,221,3,0,2,14/02/2024,1,0,0,9,0
2,222,3,0,2,14/02/2024,1,0,0,9,0
2,223,3,0,2,14/02/2024,1,0,0,9,0
2,224,3,0,2,14/02/2024,1,0,0,9,0
2,225,3,0,2,14/02/2024,1,0,0,9,0
2,226,3,0,2,14/02/2024,1,0,0,9,0
2,227,3,0,2,14/02/2024,1,0,0,9,0
2,228,3,0,2,14/02/2024,1,0,0,9,0
2,229,3,0,2,14/02/2024,1,0,0,9,0
2,230,3,0,2,14/02/2024,1,0,0,9,0
2,231,3,0,2,14/02/2024,1,0,0,9,0
2,232,3,0,2,14/02/2024,1,0,0,9,0
2,233,3,0,2,14/02/2024,1,0,0,9,0
2,234,3,0,2,14/02/2024,1,0,0,9,0
2,235,3,0,2,14/02/2024,1,0,0,9,0
2,236,3,0,2,14/02/2024,1,0,0,9,0
2,237,3,0,2,14/02/2024,1,0,0,9,0
2,238,3,0,2,14/02/2024,1,0,0,9,0
2,239,3,0,2,14/02/2024,1,0,0,9,0
2,240,3,NA,2,14/02/2024,1,0,0,9,0
3,241,1,1,1,16/02/2024,0,1,0,13,0
3,242,1,1,1,16/02/2024,0,1,0,13,0
3,243,1,1,1,16/02/2024,0,1,0,13,0
3,244,1,1,1,16/02/2024,0,1,0,13,0
3,245,1,1,1,16/02/2024,0,1,0,13,0
3,246,1,1,1,16/02/2024,0,1,0,13,0
3,247,1,1,1,16/02/2024,0,1,0,13,0
3,248,1,1,1,16/02/2024,0,1,0,13,0
3,249,1,1,1,16/02/2024,0,1,0,13,0
3,250,1,1,1,16/02/2024,0,1,0,13,0
3,251,1,1,1,16/02/2024,0,1,0,13,0
3,252,1,1,1,16/02/2024,0,1,0,13,0
3,253,1,1,1,16/02/2024,0,1,0,13,0
3,254,1,1,1,16/02/2024,0,1,0,13,0
3,255,1,1,1,16/02/2024,0,1,0,13,0
3,256,1,1,1,16/02/2024,0,1,0,13,0
3,257,1,1,1,16/02/2024,0,1,0,13,0
3,258,1,1,1,16/02/2024,0,1,0,13,0
3,259,1,1,1,16/02/2024,0,1,0,13,0
3,260,1,1,1,16/02/2024,0,1,0,13,0
3,261,1,1,1,16/02/2024,0,1,0,13,0
3,262,1,1,1,16/02/2024,0,1,0,13,0
3,263,1,1,1,16/02/2024,0,1,0,13,0
3,264,1,1,1,16/02/2024,0,1,0,13,0
3,265,1,1,1,16/02/2024,0,1,0,13,0
3,266,1,1,1,16/02/2024,0,1,0,13,0
3,267,1,1,1,16/02/2024,0,1,0,13,0
3,268,1,1,1,16/02/2024,0,1,0,13,0
3,269,1,1,1,16/02/2024,0,1,0,13,0
3,270,1,1,1,16/02/2024,0,1,0,13,0
3,271,1,1,1,16/02/2024,0,1,0,13,0
3,272,1,1,1,16/02/2024,0,1,0,13,0
3,273,1,1,1,16/02/2024,0,1,0,13,0
3,274,1,1,1,16/02/2024,0,1,0,13,0
3,275,1,0,1,16/02/2024,0,1,0,13,0
3,276,1,0,1,16/02/2024,0,1,0,13,0
3,277,1,0,1,16/02/2024,0,1,0,13,0
3,278,1,0,1,16/02/2024,0,1,0,13,0
3,279,1,0,1,16/02/2024,0,1,0,13,0
3,280,1,0,1,16/02/2024,0,1,0,13,0
3,281,2,1,1,16/02/2024,0,1,0,13,0
3,282,2,1,1,16/02/2024,0,1,0,13,0
3,283,2,1,1,16/02/2024,0,1,0,13,0
3,284,2,1,1,16/02/2024,0,1,0,13,0
3,285,2,1,1,16/02/2024,0,1,0,13,0
3,286,2,1,1,16/02/2024,0,1,0,13,0
3,287,2,1,1,16/02/2024,0,1,0,13,0
3,288,2,1,1,16/02/2024,0,1,0,13,0
3,289,2,1,1,16/02/2024,0,1,0,13,0
3,290,2,1,1,16/02/2024,0,1,0,13,0
3,291,2,1,1,16/02/2024,0,1,0,13,0
3,292,2,1,1,16/02/2024,0,1,0,13,0
3,293,2,1,1,16/02/2024,0,1,0,13,0
3,294,2,1,1,16/02/2024,0,1,0,13,0
3,295,2,1,1,16/02/2024,0,1,0,13,0
3,296,2,1,1,16/02/2024,0,1,0,13,0
3,297,2,0,1,16/02/2024,0,1,0,13,0
3,298,2,0,1,16/02/2024,0,1,0,13,0
3,299,2,0,1,16/02/2024,0,1,0,13,0
3,300,2,0,1,16/02/2024,0,1,0,13,0
3,301,2,0,1,16/02/2024,0,1,0,13,0
3,302,2,0,1,16/02/2024,0,1,0,13,0
3,303,2,0,1,16/02/2024,0,1,0,13,0
3,304,2,0,1,16/02/2024,0,1,0,13,0
3,305,2,0,1,16/02/2024,0,1,0,13,0
3,306,2,0,1,16/02/2024,0,1,0,13,0
3,307,2,0,1,16/02/2024,0,1,0,13,0
3,308,2,0,1,16/02/2024,0,1,0,13,0
3,309,2,0,1,16/02/2024,0,1,0,13,0
3,310,2,0,1,16/02/2024,0,1,0,13,0
3,311,2,0,1,16/02/2024,0,1,0,13,0
3,312,2,0,1,16/02/2024,0,1,0,13,0
3,313,2,0,1,16/02/2024,0,1,0,13,0
3,314,2,0,1,16/02/2024,0,1,0,13,0
3,315,2,0,1,16/02/2024,0,1,0,13,0
3,316,2,0,1,16/02/2024,0,1,0,13,0
3,317,2,0,1,16/02/2024,0,1,0,13,0
3,318,2,0,1,16/02/2024,0,1,0,13,0
3,319,2,0,1,16/02/2024,0,1,0,13,0
3,320,2,NA,1,16/02/2024,0,1,0,13,0
3,321,3,1,1,16/02/2024,0,1,0,13,0
3,322,3,1,1,16/02/2024,0,1,0,13,0
3,323,3,1,1,16/02/2024,0,1,0,13,0
3,324,3,1,1,16/02/2024,0,1,0,13,0
3,325,3,1,1,16/02/2024,0,1,0,13,0
3,326,3,1,1,16/02/2024,0,1,0,13,0
3,327,3,1,1,16/02/2024,0,1,0,13,0
3,328,3,1,1,16/02/2024,0,1,0,13,0
3,329,3,1,1,16/02/2024,0,1,0,13,0
3,330,3,1,1,16/02/2024,0,1,0,13,0
3,331,3,1,1,16/02/2024,0,1,0,13,0
3,332,3,1,1,16/02/2024,0,1,0,13,0
3,333,3,1,1,16/02/2024,0,1,0,13,0
3,334,3,1,1,16/02/2024,0,1,0,13,0
3,335,3,1,1,16/02/2024,0,1,0,13,0
3,336,3,1,1,16/02/2024,0,1,0,13,0
3,337,3,1,1,16/02/2024,0,1,0,13,0
3,338,3,1,1,16/02/2024,0,1,0,13,0
3,339,3,0,1,16/02/2024,0,1,0,13,0
3,340,3,0,1,16/02/2024,0,1,0,13,0
3,341,3,0,1,16/02/2024,0,1,0,13,0
3,342,3,0,1,16/02/2024,0,1,0,13,0
3,343,3,0,1,16/02/2024,0,1,0,13,0
3,344,3,0,1,16/02/2024,0,1,0,13,0
3,345,3,0,1,16/02/2024,0,1,0,13,0
3,346,3,0,1,16/02/2024,0,1,0,13,0
3,347,3,0,1,16/02/2024,0,1,0,13,0
3,348,3,0,1,16/02/2024,0,1,0,13,0
3,349,3,0,1,16/02/2024,0,1,0,13,0
3,350,3,0,1,16/02/2024,0,1,0,13,0
3,351,3,0,1,16/02/2024,0,1,0,13,0
3,352,3,0,1,16/02/2024,0,1,0,13,0
3,353,3,0,1,16/02/2024,0,1,0,13,0
3,354,3,0,1,16/02/2024,0,1,0,13,0
3,355,3,0,1,16/02/2024,0,1,0,13,0
3,356,3,0,1,16/02/2024,0,1,0,13,0
3,357,3,0,1,16/02/2024,0,1,0,13,0
3,358,3,0,1,16/02/2024,0,1,0,13,0
3,359,3,0,1,16/02/2024,0,1,0,13,0
3,360,3,NA,1,16/02/2024,0,1,0,13,0
4,361,1,1,2,18/02/2024,1,0,0,11,0
4,362,1,1,2,18/02/2024,1,0,0,11,0
4,363,1,1,2,18/02/2024,1,0,0,11,0
4,364,1,1,2,18/02/2024,1,0,0,11,0
4,365,1,1,2,18/02/2024,1,0,0,11,0
4,366,1,1,2,18/02/2024,1,0,0,11,0
4,367,1,1,2,18/02/2024,1,0,0,11,0
4,368,1,1,2,18/02/2024,1,0,0,11,0
4,369,1,1,2,18/02/2024,1,0,0,11,0
4,370,1,1,2,18/02/2024,1,0,0,11,0
4,371,1,1,2,18/02/2024,1,0,0,11,0
4,372,1,1,2,18/02/2024,1,0,0,11,0
4,373,1,1,2,18/02/2024,1,0,0,11,0
4,374,1,1,2,18/02/2024,1,0,0,11,0
4,375,1,1,2,18/02/2024,1,0,0,11,0
4,376,1,1,2,18/02/2024,1,0,0,11,0
4,377,1,1,2,18/02/2024,1,0,0,11,0
4,378,1,1,2,18/02/2024,1,0,0,11,0
4,379,1,1,2,18/02/2024,1,0,0,11,0
4,380,1,1,2,18/02/2024,1,0,0,11,0
4,381,1,1,2,18/02/2024,1,0,0,11,0
4,382,1,1,2,18/02/2024,1,0,0,11,0
4,383,1,1,2,18/02/2024,1,0,0,11,0
4,384,1,1,2,18/02/2024,1,0,0,11,0
4,385,1,1,2,18/02/2024,1,0,0,11,0
4,386,1,1,2,18/02/2024,1,0,0,11,0
4,387,1,1,2,18/02/2024,1,0,0,11,0
4,388,1,1,2,18/02/2024,1,0,0,11,0
4,389,1,1,2,18/02/2024,1,0,0,11,0
4,390,1,1,2,18/02/2024,1,0,0,11,0
4,391,1,0,2,18/02/2024,1,0,0,11,0
4,392,1,0,2,18/02/2024,1,0,0,11,0
4,393,1,0,2,18/02/2024,1,0,0,11,0
4,394,1,0,2,18/02/2024,1,0,0,11,0
4,395,1,0,2,18/02/2024,1,0,0,11,0
4,396,1,0,2,18/02/2024,1,0,0,11,0
4,397,1,0,2,18/02/2024,1,0,0,11,0
4,398,1,NA,2,18/02/2024,1,0,0,11,0
4,399,1,NA,2,18/02/2024,1,0,0,11,0
4,400,1,NA,2,18/02/2024,1,0,0,11,0
4,401,2,1,2,18/02/2024,1,0,0,11,0
4,402,2,1,2,18/02/2024,1,0,0,11,0
4,403,2,1,2,18/02/2024,1,0,0,11,0
4,404,2,1,2,18/02/2024,1,0,0,11,0
4,405,2,1,2,18/02/2024,1,0,0,11,0
4,406,2,1,2,18/02/2024,1,0,0,11,0
4,407,2,1,2,18/02/2024,1,0,0,11,0
4,408,2,1,2,18/02/2024,1,0,0,11,0
4,409,2,1,2,18/02/2024,1,0,0,11,0
4,410,2,1,2,18/02/2024,1,0,0,11,0
4,411,2,1,2,18/02/2024,1,0,0,11,0
4,412,2,1,2,18/02/2024,1,0,0,11,0
4,413,2,1,2,18/02/2024,1,0,0,11,0
4,414,2,1,2,18/02/2024,1,0,0,11,0
4,415,2,1,2,18/02/2024,1,0,0,11,0
4,416,2,1,2,18/02/2024,1,0,0,11,0
4,417,2,1,2,18/02/2024,1,0,0,11,0
4,418,2,1,2,18/02/2024,1,0,0,11,0
4,419,2,1,2,18/02/2024,1,0,0,11,0
4,420,2,1,2,18/02/2024,1,0,0,11,0
4,421,2,1,2,18/02/2024,1,0,0,11,0
4,422,2,0,2,18/02/2024,1,0,0,11,0
4,423,2,0,2,18/02/2024,1,0,0,11,0
4,424,2,0,2,18/02/2024,1,0,0,11,0
4,425,2,0,2,18/02/2024,1,0,0,11,0
4,426,2,0,2,18/02/2024,1,0,0,11,0
4,427,2,0,2,18/02/2024,1,0,0,11,0
4,428,2,0,2,18/02/2024,1,0,0,11,0
4,429,2,0,2,18/02/2024,1,0,0,11,0
4,430,2,0,2,18/02/2024,1,0,0,11,0
4,431,2,0,2,18/02/2024,1,0,0,11,0
4,432,2,0,2,18/02/2024,1,0,0,11,0
4,433,2,0,2,18/02/2024,1,0,0,11,0
4,434,2,0,2,18/02/2024,1,0,0,11,0
4,435,2,0,2,18/02/2024,1,0,0,11,0
4,436,2,0,2,18/02/2024,1,0,0,11,0
4,437,2,0,2,18/02/2024,1,0,0,11,0
4,438,2,0,2,18/02/2024,1,0,0,11,0
4,439,2,NA,2,18/02/2024,1,0,0,11,0
4,440,2,NA,2,18/02/2024,1,0,0,11,0
4,441,3,1,2,18/02/2024,1,0,0,11,0
4,442,3,1,2,18/02/2024,1,0,0,11,0
4,443,3,1,2,18/02/2024,1,0,0,11,0
4,444,3,1,2,18/02/2024,1,0,0,11,0
4,445,3,1,2,18/02/2024,1,0,0,11,0
4,446,3,1,2,18/02/2024,1,0,0,11,0
4,447,3,1,2,18/02/2024,1,0,0,11,0
4,448,3,1,2,18/02/2024,1,0,0,11,0
4,449,3,1,2,18/02/2024,1,0,0,11,0
4,450,3,1,2,18/02/2024,1,0,0,11,0
4,451,3,1,2,18/02/2024,1,0,0,11,0
4,452,3,1,2,18/02/2024,1,0,0,11,0
4,453,3,1,2,18/02/2024,1,0,0,11,0
4,454,3,1,2,18/02/2024,1,0,0,11,0
4,455,3,1,2,18/02/2024,1,0,0,11,0
4,456,3,1,2,18/02/2024,1,0,0,11,0
4,457,3,1,2,18/02/2024,1,0,0,11,0
4,458,3,0,2,18/02/2024,1,0,0,11,0
4,459,3,0,2,18/02/2024,1,0,0,11,0
4,460,3,0,2,18/02/2024,1,0,0,11,0
4,461,3,0,2,18/02/2024,1,0,0,11,0
4,462,3,0,2,18/02/2024,1,0,0,11,0
4,463,3,0,2,18/02/2024,1,0,0,11,0
4,464,3,0,2,18/02/2024,1,0,0,11,0
4,465,3,0,2,18/02/2024,1,0,0,11,0
4,466,3,0,2,18/02/2024,1,0,0,11,0
4,467,3,0,2,18/02/2024,1,0,0,11,0
4,468,3,0,2,18/02/2024,1,0,0,11,0
4,469,3,0,2,18/02/2024,1,0,0,11,0
4,470,3,0,2,18/02/2024,1,0,0,11,0
4,471,3,0,2,18/02/2024,1,0,0,11,0
4,472,3,0,2,18/02/2024,1,0,0,11,0
4,473,3,0,2,18/02/2024,1,0,0,11,0
4,474,3,0,2,18/02/2024,1,0,0,11,0
4,475,3,0,2,18/02/2024,1,0,0,11,0
4,476,3,0,2,18/02/2024,1,0,0,11,0
4,477,3,0,2,18/02/2024,1,0,0,11,0
4,478,3,0,2,18/02/2024,1,0,0,11,0
4,479,3,NA,2,18/02/2024,1,0,0,11,0
4,480,3,NA,2,18/02/2024,1,0,0,11,0
5,481,1,1,1,18/02/2024,1,0,0,11,0
5,482,1,1,1,18/02/2024,1,0,0,11,0
5,483,1,1,1,18/02/2024,1,0,0,11,0
5,484,1,1,1,18/02/2024,1,0,0,11,0
5,485,1,1,1,18/02/2024,1,0,0,11,0
5,486,1,1,1,18/02/2024,1,0,0,11,0
5,487,1,1,1,18/02/2024,1,0,0,11,0
5,488,1,1,1,18/02/2024,1,0,0,11,0
5,489,1,1,1,18/02/2024,1,0,0,11,0
5,490,1,1,1,18/02/2024,1,0,0,11,0
5,491,1,1,1,18/02/2024,1,0,0,11,0
5,492,1,1,1,18/02/2024,1,0,0,11,0
5,493,1,1,1,18/02/2024,1,0,0,11,0
5,494,1,1,1,18/02/2024,1,0,0,11,0
5,495,1,1,1,18/02/2024,1,0,0,11,0
5,496,1,1,1,18/02/2024,1,0,0,11,0
5,497,1,1,1,18/02/2024,1,0,0,11,0
5,498,1,1,1,18/02/2024,1,0,0,11,0
5,499,1,1,1,18/02/2024,1,0,0,11,0
5,500,1,1,1,18/02/2024,1,0,0,11,0
5,501,1,1,1,18/02/2024,1,0,0,11,0
5,502,1,1,1,18/02/2024,1,0,0,11,0
5,503,1,1,1,18/02/2024,1,0,0,11,0
5,504,1,1,1,18/02/2024,1,0,0,11,0
5,505,1,1,1,18/02/2024,1,0,0,11,0
5,506,1,1,1,18/02/2024,1,0,0,11,0
5,507,1,1,1,18/02/2024,1,0,0,11,0
5,508,1,1,1,18/02/2024,1,0,0,11,0
5,509,1,1,1,18/02/2024,1,0,0,11,0
5,510,1,1,1,18/02/2024,1,0,0,11,0
5,511,1,1,1,18/02/2024,1,0,0,11,0
5,512,1,1,1,18/02/2024,1,0,0,11,0
5,513,1,1,1,18/02/2024,1,0,0,11,0
5,514,1,1,1,18/02/2024,1,0,0,11,0
5,515,1,0,1,18/02/2024,1,0,0,11,0
5,516,1,0,1,18/02/2024,1,0,0,11,0
5,517,1,0,1,18/02/2024,1,0,0,11,0
5,518,1,0,1,18/02/2024,1,0,0,11,0
5,519,1,0,1,18/02/2024,1,0,0,11,0
5,520,1,NA,1,18/02/2024,1,0,0,11,0
5,521,2,1,1,18/02/2024,1,0,0,11,0
5,522,2,1,1,18/02/2024,1,0,0,11,0
5,523,2,1,1,18/02/2024,1,0,0,11,0
5,524,2,1,1,18/02/2024,1,0,0,11,0
5,525,2,1,1,18/02/2024,1,0,0,11,0
5,526,2,1,1,18/02/2024,1,0,0,11,0
5,527,2,1,1,18/02/2024,1,0,0,11,0
5,528,2,1,1,18/02/2024,1,0,0,11,0
5,529,2,1,1,18/02/2024,1,0,0,11,0
5,530,2,1,1,18/02/2024,1,0,0,11,0
5,531,2,1,1,18/02/2024,1,0,0,11,0
5,532,2,1,1,18/02/2024,1,0,0,11,0
5,533,2,1,1,18/02/2024,1,0,0,11,0
5,534,2,1,1,18/02/2024,1,0,0,11,0
5,535,2,1,1,18/02/2024,1,0,0,11,0
5,536,2,1,1,18/02/2024,1,0,0,11,0
5,537,2,1,1,18/02/2024,1,0,0,11,0
5,538,2,1,1,18/02/2024,1,0,0,11,0
5,539,2,0,1,18/02/2024,1,0,0,11,0
5,540,2,0,1,18/02/2024,1,0,0,11,0
5,541,2,0,1,18/02/2024,1,0,0,11,0
5,542,2,0,1,18/02/2024,1,0,0,11,0
5,543,2,0,1,18/02/2024,1,0,0,11,0
5,544,2,0,1,18/02/2024,1,0,0,11,0
5,545,2,0,1,18/02/2024,1,0,0,11,0
5,546,2,0,1,18/02/2024,1,0,0,11,0
5,547,2,0,1,18/02/2024,1,0,0,11,0
5,548,2,0,1,18/02/2024,1,0,0,11,0
5,549,2,0,1,18/02/2024,1,0,0,11,0
5,550,2,0,1,18/02/2024,1,0,0,11,0
5,551,2,0,1,18/02/2024,1,0,0,11,0
5,552,2,0,1,18/02/2024,1,0,0,11,0
5,553,2,0,1,18/02/2024,1,0,0,11,0
5,554,2,0,1,18/02/2024,1,0,0,11,0
5,555,2,0,1,18/02/2024,1,0,0,11,0
5,556,2,0,1,18/02/2024,1,0,0,11,0
5,557,2,0,1,18/02/2024,1,0,0,11,0
5,558,2,0,1,18/02/2024,1,0,0,11,0
5,559,2,0,1,18/02/2024,1,0,0,11,0
5,560,2,NA,1,18/02/2024,1,0,0,11,0
5,561,3,1,1,18/02/2024,1,0,0,11,0
5,562,3,1,1,18/02/2024,1,0,0,11,0
5,563,3,1,1,18/02/2024,1,0,0,11,0
5,564,3,1,1,18/02/2024,1,0,0,11,0
5,565,3,1,1,18/02/2024,1,0,0,11,0
5,566,3,1,1,18/02/2024,1,0,0,11,0
5,567,3,1,1,18/02/2024,1,0,0,11,0
5,568,3,1,1,18/02/2024,1,0,0,11,0
5,569,3,1,1,18/02/2024,1,0,0,11,0
5,570,3,1,1,18/02/2024,1,0,0,11,0
5,571,3,1,1,18/02/2024,1,0,0,11,0
5,572,3,1,1,18/02/2024,1,0,0,11,0
5,573,3,1,1,18/02/2024,1,0,0,11,0
5,574,3,1,1,18/02/2024,1,0,0,11,0
5,575,3,1,1,18/02/2024,1,0,0,11,0
5,576,3,1,1,18/02/2024,1,0,0,11,0
5,577,3,1,1,18/02/2024,1,0,0,11,0
5,578,3,1,1,18/02/2024,1,0,0,11,0
5,579,3,0,1,18/02/2024,1,0,0,11,0
5,580,3,0,1,18/02/2024,1,0,0,11,0
5,581,3,0,1,18/02/2024,1,0,0,11,0
5,582,3,0,1,18/02/2024,1,0,0,11,0
5,583,3,0,1,18/02/2024,1,0,0,11,0
5,584,3,0,1,18/02/2024,1,0,0,11,0
5,585,3,0,1,18/02/2024,1,0,0,11,0
5,586,3,0,1,18/02/2024,1,0,0,11,0
5,587,3,0,1,18/02/2024,1,0,0,11,0
5,588,3,0,1,18/02/2024,1,0,0,11,0
5,589,3,0,1,18/02/2024,1,0,0,11,0
5,590,3,0,1,18/02/2024,1,0,0,11,0
5,591,3,0,1,18/02/2024,1,0,0,11,0
5,592,3,0,1,18/02/2024,1,0,0,11,0
5,593,3,0,1,18/02/2024,1,0,0,11,0
5,594,3,0,1,18/02/2024,1,0,0,11,0
5,595,3,0,1,18/02/2024,1,0,0,11,0
5,596,3,0,1,18/02/2024,1,0,0,11,0
5,597,3,0,1,18/02/2024,1,0,0,11,0
5,598,3,0,1,18/02/2024,1,0,0,11,0
5,599,3,0,1,18/02/2024,1,0,0,11,0
5,600,3,0,1,18/02/2024,1,0,0,11,0
6,601,1,1,2,23/02/2024,1,0,0,11,0
6,602,1,1,2,23/02/2024,1,0,0,11,0
6,603,1,1,2,23/02/2024,1,0,0,11,0
6,604,1,1,2,23/02/2024,1,0,0,11,0
6,605,1,1,2,23/02/2024,1,0,0,11,0
6,606,1,1,2,23/02/2024,1,0,0,11,0
6,607,1,1,2,23/02/2024,1,0,0,11,0
6,608,1,1,2,23/02/2024,1,0,0,11,0
6,609,1,1,2,23/02/2024,1,0,0,11,0
6,610,1,1,2,23/02/2024,1,0,0,11,0
6,611,1,1,2,23/02/2024,1,0,0,11,0
6,612,1,1,2,23/02/2024,1,0,0,11,0
6,613,1,1,2,23/02/2024,1,0,0,11,0
6,614,1,1,2,23/02/2024,1,0,0,11,0
6,615,1,1,2,23/02/2024,1,0,0,11,0
6,616,1,1,2,23/02/2024,1,0,0,11,0
6,617,1,1,2,23/02/2024,1,0,0,11,0
6,618,1,1,2,23/02/2024,1,0,0,11,0
6,619,1,1,2,23/02/2024,1,0,0,11,0
6,620,1,1,2,23/02/2024,1,0,0,11,0
6,621,1,1,2,23/02/2024,1,0,0,11,0
6,622,1,1,2,23/02/2024,1,0,0,11,0
6,623,1,1,2,23/02/2024,1,0,0,11,0
6,624,1,1,2,23/02/2024,1,0,0,11,0
6,625,1,1,2,23/02/2024,1,0,0,11,0
6,626,1,1,2,23/02/2024,1,0,0,11,0
6,627,1,1,2,23/02/2024,1,0,0,11,0
6,628,1,1,2,23/02/2024,1,0,0,11,0
6,629,1,1,2,23/02/2024,1,0,0,11,0
6,630,1,1,2,23/02/2024,1,0,0,11,0
6,631,1,1,2,23/02/2024,1,0,0,11,0
6,632,1,1,2,23/02/2024,1,0,0,11,1
6,633,1,0,2,23/02/2024,1,0,0,11,0
6,634,1,0,2,23/02/2024,1,0,0,11,0
6,635,1,0,2,23/02/2024,1,0,0,11,0
6,636,1,0,2,23/02/2024,1,0,0,11,0
6,637,1,0,2,23/02/2024,1,0,0,11,0
6,638,1,0,2,23/02/2024,1,0,0,11,0
6,639,1,0,2,23/02/2024,1,0,0,11,0
6,640,1,NA,2,23/02/2024,1,0,0,11,0
6,641,2,1,2,23/02/2024,1,0,0,11,0
6,642,2,1,2,23/02/2024,1,0,0,11,0
6,643,2,1,2,23/02/2024,1,0,0,11,0
6,644,2,1,2,23/02/2024,1,0,0,11,0
6,645,2,1,2,23/02/2024,1,0,0,11,0
6,646,2,1,2,23/02/2024,1,0,0,11,0
6,647,2,1,2,23/02/2024,1,0,0,11,0
6,648,2,1,2,23/02/2024,1,0,0,11,0
6,649,2,1,2,23/02/2024,1,0,0,11,0
6,650,2,1,2,23/02/2024,1,0,0,11,0
6,651,2,1,2,23/02/2024,1,0,0,11,0
6,652,2,1,2,23/02/2024,1,0,0,11,0
6,653,2,1,2,23/02/2024,1,0,0,11,0
6,654,2,1,2,23/02/2024,1,0,0,11,0
6,655,2,1,2,23/02/2024,1,0,0,11,0
6,656,2,1,2,23/02/2024,1,0,0,11,0
6,657,2,1,2,23/02/2024,1,0,0,11,0
6,658,2,1,2,23/02/2024,1,0,0,11,0
6,659,2,1,2,23/02/2024,1,0,0,11,0
6,660,2,1,2,23/02/2024,1,0,0,11,0
6,661,2,1,2,23/02/2024,1,0,0,11,0
6,662,2,1,2,23/02/2024,1,0,0,11,0
6,663,2,1,2,23/02/2024,1,0,0,11,0
6,664,2,1,2,23/02/2024,1,0,0,11,0
6,665,2,1,2,23/02/2024,1,0,0,11,0
6,666,2,1,2,23/02/2024,1,0,0,11,0
6,667,2,1,2,23/02/2024,1,0,0,11,0
6,668,2,1,2,23/02/2024,1,0,0,11,1
6,669,2,1,2,23/02/2024,1,0,0,11,1
6,670,2,0,2,23/02/2024,1,0,0,11,0
6,671,2,0,2,23/02/2024,1,0,0,11,0
6,672,2,0,2,23/02/2024,1,0,0,11,0
6,673,2,0,2,23/02/2024,1,0,0,11,0
6,674,2,0,2,23/02/2024,1,0,0,11,0
6,675,2,0,2,23/02/2024,1,0,0,11,0
6,676,2,0,2,23/02/2024,1,0,0,11,0
6,677,2,0,2,23/02/2024,1,0,0,11,0
6,678,2,0,2,23/02/2024,1,0,0,11,0
6,679,2,0,2,23/02/2024,1,0,0,11,0
6,680,2,NA,2,23/02/2024,1,0,0,11,0
6,681,3,1,2,23/02/2024,1,0,0,11,0
6,682,3,1,2,23/02/2024,1,0,0,11,0
6,683,3,1,2,23/02/2024,1,0,0,11,0
6,684,3,1,2,23/02/2024,1,0,0,11,0
6,685,3,1,2,23/02/2024,1,0,0,11,0
6,686,3,1,2,23/02/2024,1,0,0,11,0
6,687,3,1,2,23/02/2024,1,0,0,11,0
6,688,3,1,2,23/02/2024,1,0,0,11,0
6,689,3,1,2,23/02/2024,1,0,0,11,0
6,690,3,1,2,23/02/2024,1,0,0,11,0
6,691,3,1,2,23/02/2024,1,0,0,11,0
6,692,3,1,2,23/02/2024,1,0,0,11,0
6,693,3,1,2,23/02/2024,1,0,0,11,0
6,694,3,1,2,23/02/2024,1,0,0,11,0
6,695,3,1,2,23/02/2024,1,0,0,11,0
6,696,3,1,2,23/02/2024,1,0,0,11,0
6,697,3,1,2,23/02/2024,1,0,0,11,0
6,698,3,1,2,23/02/2024,1,0,0,11,0
6,699,3,1,2,23/02/2024,1,0,0,11,0
6,700,3,1,2,23/02/2024,1,0,0,11,0
6,701,3,1,2,23/02/2024,1,0,0,11,0
6,702,3,1,2,23/02/2024,1,0,0,11,0
6,703,3,1,2,23/02/2024,1,0,0,11,0
6,704,3,1,2,23/02/2024,1,0,0,11,0
6,705,3,1,2,23/02/2024,1,0,0,11,0
6,706,3,1,2,23/02/2024,1,0,0,11,0
6,707,3,0,2,23/02/2024,1,0,0,11,0
6,708,3,0,2,23/02/2024,1,0,0,11,0
6,709,3,0,2,23/02/2024,1,0,0,11,0
6,710,3,0,2,23/02/2024,1,0,0,11,0
6,711,3,0,2,23/02/2024,1,0,0,11,0
6,712,3,0,2,23/02/2024,1,0,0,11,0
6,713,3,0,2,23/02/2024,1,0,0,11,0
6,714,3,0,2,23/02/2024,1,0,0,11,0
6,715,3,0,2,23/02/2024,1,0,0,11,0
6,716,3,0,2,23/02/2024,1,0,0,11,0
6,717,3,0,2,23/02/2024,1,0,0,11,0
6,718,3,0,2,23/02/2024,1,0,0,11,0
6,719,3,0,2,23/02/2024,1,0,0,11,0
6,720,3,0,2,23/02/2024,1,0,0,11,0
7,721,1,1,1,23/02/2024,1,0,0,11,0
7,722,1,1,1,23/02/2024,1,0,0,11,0
7,723,1,1,1,23/02/2024,1,0,0,11,0
7,724,1,1,1,23/02/2024,1,0,0,11,0
7,725,1,1,1,23/02/2024,1,0,0,11,0
7,726,1,1,1,23/02/2024,1,0,0,11,0
7,727,1,1,1,23/02/2024,1,0,0,11,0
7,728,1,1,1,23/02/2024,1,0,0,11,0
7,729,1,1,1,23/02/2024,1,0,0,11,0
7,730,1,1,1,23/02/2024,1,0,0,11,0
7,731,1,1,1,23/02/2024,1,0,0,11,0
7,732,1,1,1,23/02/2024,1,0,0,11,0
7,733,1,1,1,23/02/2024,1,0,0,11,0
7,734,1,1,1,23/02/2024,1,0,0,11,0
7,735,1,1,1,23/02/2024,1,0,0,11,0
7,736,1,1,1,23/02/2024,1,0,0,11,0
7,737,1,1,1,23/02/2024,1,0,0,11,0
7,738,1,1,1,23/02/2024,1,0,0,11,0
7,739,1,1,1,23/02/2024,1,0,0,11,0
7,740,1,1,1,23/02/2024,1,0,0,11,0
7,741,1,1,1,23/02/2024,1,0,0,11,0
7,742,1,1,1,23/02/2024,1,0,0,11,0
7,743,1,1,1,23/02/2024,1,0,0,11,0
7,744,1,1,1,23/02/2024,1,0,0,11,0
7,745,1,0,1,23/02/2024,1,0,0,11,0
7,746,1,0,1,23/02/2024,1,0,0,11,0
7,747,1,0,1,23/02/2024,1,0,0,11,0
7,748,1,0,1,23/02/2024,1,0,0,11,0
7,749,1,0,1,23/02/2024,1,0,0,11,0
7,750,1,0,1,23/02/2024,1,0,0,11,0
7,751,1,0,1,23/02/2024,1,0,0,11,0
7,752,1,0,1,23/02/2024,1,0,0,11,0
7,753,1,0,1,23/02/2024,1,0,0,11,0
7,754,1,0,1,23/02/2024,1,0,0,11,0
7,755,1,0,1,23/02/2024,1,0,0,11,0
7,756,1,0,1,23/02/2024,1,0,0,11,0
7,757,1,0,1,23/02/2024,1,0,0,11,0
7,758,1,0,1,23/02/2024,1,0,0,11,0
7,759,1,0,1,23/02/2024,1,0,0,11,0
7,760,1,NA,1,23/02/2024,1,0,0,11,0
7,761,2,1,1,23/02/2024,1,0,0,11,0
7,762,2,1,1,23/02/2024,1,0,0,11,0
7,763,2,1,1,23/02/2024,1,0,0,11,0
7,764,2,1,1,23/02/2024,1,0,0,11,0
7,765,2,1,1,23/02/2024,1,0,0,11,0
7,766,2,1,1,23/02/2024,1,0,0,11,0
7,767,2,1,1,23/02/2024,1,0,0,11,0
7,768,2,1,1,23/02/2024,1,0,0,11,0
7,769,2,1,1,23/02/2024,1,0,0,11,0
7,770,2,1,1,23/02/2024,1,0,0,11,0
7,771,2,1,1,23/02/2024,1,0,0,11,0
7,772,2,1,1,23/02/2024,1,0,0,11,0
7,773,2,1,1,23/02/2024,1,0,0,11,0
7,774,2,1,1,23/02/2024,1,0,0,11,0
7,775,2,1,1,23/02/2024,1,0,0,11,0
7,776,2,1,1,23/02/2024,1,0,0,11,0
7,777,2,1,1,23/02/2024,1,0,0,11,0
7,778,2,1,1,23/02/2024,1,0,0,11,0
7,779,2,1,1,23/02/2024,1,0,0,11,1
7,780,2,0,1,23/02/2024,1,0,0,11,0
7,781,2,0,1,23/02/2024,1,0,0,11,0
7,782,2,0,1,23/02/2024,1,0,0,11,0
7,783,2,0,1,23/02/2024,1,0,0,11,0
7,784,2,0,1,23/02/2024,1,0,0,11,0
7,785,2,0,1,23/02/2024,1,0,0,11,0
7,786,2,0,1,23/02/2024,1,0,0,11,0
7,787,2,0,1,23/02/2024,1,0,0,11,0
7,788,2,0,1,23/02/2024,1,0,0,11,0
7,789,2,0,1,23/02/2024,1,0,0,11,0
7,790,2,0,1,23/02/2024,1,0,0,11,0
7,791,2,0,1,23/02/2024,1,0,0,11,0
7,792,2,0,1,23/02/2024,1,0,0,11,0
7,793,2,0,1,23/02/2024,1,0,0,11,0
7,794,2,0,1,23/02/2024,1,0,0,11,0
7,795,2,0,1,23/02/2024,1,0,0,11,0
7,796,2,0,1,23/02/2024,1,0,0,11,0
7,797,2,0,1,23/02/2024,1,0,0,11,0
7,798,2,0,1,23/02/2024,1,0,0,11,0
7,799,2,0,1,23/02/2024,1,0,0,11,0
7,800,2,0,1,23/02/2024,1,0,0,11,0
7,801,3,1,1,23/02/2024,1,0,0,11,0
7,802,3,1,1,23/02/2024,1,0,0,11,0
7,803,3,1,1,23/02/2024,1,0,0,11,0
7,804,3,1,1,23/02/2024,1,0,0,11,0
7,805,3,1,1,23/02/2024,1,0,0,11,0
7,806,3,1,1,23/02/2024,1,0,0,11,0
7,807,3,1,1,23/02/2024,1,0,0,11,0
7,808,3,1,1,23/02/2024,1,0,0,11,0
7,809,3,1,1,23/02/2024,1,0,0,11,0
7,810,3,1,1,23/02/2024,1,0,0,11,0
7,811,3,1,1,23/02/2024,1,0,0,11,0
7,812,3,1,1,23/02/2024,1,0,0,11,0
7,813,3,1,1,23/02/2024,1,0,0,11,0
7,814,3,1,1,23/02/2024,1,0,0,11,0
7,815,3,1,1,23/02/2024,1,0,0,11,0
7,816,3,0,1,23/02/2024,1,0,0,11,0
7,817,3,0,1,23/02/2024,1,0,0,11,0
7,818,3,0,1,23/02/2024,1,0,0,11,0
7,819,3,0,1,23/02/2024,1,0,0,11,0
7,820,3,0,1,23/02/2024,1,0,0,11,0
7,821,3,0,1,23/02/2024,1,0,0,11,0
7,822,3,0,1,23/02/2024,1,0,0,11,0
7,823,3,0,1,23/02/2024,1,0,0,11,0
7,824,3,0,1,23/02/2024,1,0,0,11,0
7,825,3,0,1,23/02/2024,1,0,0,11,0
7,826,3,0,1,23/02/2024,1,0,0,11,0
7,827,3,0,1,23/02/2024,1,0,0,11,0
7,828,3,0,1,23/02/2024,1,0,0,11,0
7,829,3,0,1,23/02/2024,1,0,0,11,0
7,830,3,0,1,23/02/2024,1,0,0,11,0
7,831,3,0,1,23/02/2024,1,0,0,11,0
7,832,3,0,1,23/02/2024,1,0,0,11,0
7,833,3,0,1,23/02/2024,1,0,0,11,0
7,834,3,0,1,23/02/2024,1,0,0,11,0
7,835,3,0,1,23/02/2024,1,0,0,11,0
7,836,3,0,1,23/02/2024,1,0,0,11,0
7,837,3,0,1,23/02/2024,1,0,0,11,0
7,838,3,0,1,23/02/2024,1,0,0,11,0
7,839,3,0,1,23/02/2024,1,0,0,11,0
7,840,3,0,1,23/02/2024,1,0,0,11,0
8,841,1,1,2,25/02/2024,0,0,1,9,0
8,842,1,1,2,25/02/2024,0,0,1,9,0
8,843,1,1,2,25/02/2024,0,0,1,9,0
8,844,1,1,2,25/02/2024,0,0,1,9,0
8,845,1,1,2,25/02/2024,0,0,1,9,0
8,846,1,1,2,25/02/2024,0,0,1,9,0
8,847,1,1,2,25/02/2024,0,0,1,9,0
8,848,1,1,2,25/02/2024,0,0,1,9,0
8,849,1,1,2,25/02/2024,0,0,1,9,0
8,850,1,1,2,25/02/2024,0,0,1,9,0
8,851,1,1,2,25/02/2024,0,0,1,9,0
8,852,1,1,2,25/02/2024,0,0,1,9,0
8,853,1,1,2,25/02/2024,0,0,1,9,0
8,854,1,1,2,25/02/2024,0,0,1,9,0
8,855,1,1,2,25/02/2024,0,0,1,9,0
8,856,1,1,2,25/02/2024,0,0,1,9,0
8,857,1,1,2,25/02/2024,0,0,1,9,0
8,858,1,1,2,25/02/2024,0,0,1,9,0
8,859,1,1,2,25/02/2024,0,0,1,9,0
8,860,1,1,2,25/02/2024,0,0,1,9,0
8,861,1,1,2,25/02/2024,0,0,1,9,0
8,862,1,1,2,25/02/2024,0,0,1,9,0
8,863,1,1,2,25/02/2024,0,0,1,9,0
8,864,1,1,2,25/02/2024,0,0,1,9,0
8,865,1,1,2,25/02/2024,0,0,1,9,0
8,866,1,1,2,25/02/2024,0,0,1,9,0
8,867,1,1,2,25/02/2024,0,0,1,9,0
8,868,1,1,2,25/02/2024,0,0,1,9,0
8,869,1,1,2,25/02/2024,0,0,1,9,0
8,870,1,1,2,25/02/2024,0,0,1,9,0
8,871,1,1,2,25/02/2024,0,0,1,9,0
8,872,1,1,2,25/02/2024,0,0,1,9,0
8,873,1,1,2,25/02/2024,0,0,1,9,0
8,874,1,1,2,25/02/2024,0,0,1,9,0
8,875,1,1,2,25/02/2024,0,0,1,9,0
8,876,1,1,2,25/02/2024,0,0,1,9,0
8,877,1,1,2,25/02/2024,0,0,1,9,0
8,878,1,1,2,25/02/2024,0,0,1,9,0
8,879,1,1,2,25/02/2024,0,0,1,9,0
8,880,1,0,2,25/02/2024,0,0,1,9,0
8,881,2,1,2,25/02/2024,0,0,1,9,0
8,882,2,1,2,25/02/2024,0,0,1,9,0
8,883,2,1,2,25/02/2024,0,0,1,9,0
8,884,2,1,2,25/02/2024,0,0,1,9,0
8,885,2,1,2,25/02/2024,0,0,1,9,0
8,886,2,1,2,25/02/2024,0,0,1,9,0
8,887,2,1,2,25/02/2024,0,0,1,9,0
8,888,2,1,2,25/02/2024,0,0,1,9,0
8,889,2,1,2,25/02/2024,0,0,1,9,0
8,890,2,1,2,25/02/2024,0,0,1,9,0
8,891,2,1,2,25/02/2024,0,0,1,9,0
8,892,2,1,2,25/02/2024,0,0,1,9,0
8,893,2,1,2,25/02/2024,0,0,1,9,0
8,894,2,1,2,25/02/2024,0,0,1,9,0
8,895,2,1,2,25/02/2024,0,0,1,9,0
8,896,2,1,2,25/02/2024,0,0,1,9,0
8,897,2,1,2,25/02/2024,0,0,1,9,0
8,898,2,1,2,25/02/2024,0,0,1,9,0
8,899,2,1,2,25/02/2024,0,0,1,9,0
8,900,2,1,2,25/02/2024,0,0,1,9,0
8,901,2,1,2,25/02/2024,0,0,1,9,0
8,902,2,1,2,25/02/2024,0,0,1,9,0
8,903,2,1,2,25/02/2024,0,0,1,9,0
8,904,2,1,2,25/02/2024,0,0,1,9,0
8,905,2,1,2,25/02/2024,0,0,1,9,0
8,906,2,1,2,25/02/2024,0,0,1,9,0
8,907,2,1,2,25/02/2024,0,0,1,9,0
8,908,2,1,2,25/02/2024,0,0,1,9,0
8,909,2,1,2,25/02/2024,0,0,1,9,0
8,910,2,1,2,25/02/2024,0,0,1,9,0
8,911,2,1,2,25/02/2024,0,0,1,9,0
8,912,2,1,2,25/02/2024,0,0,1,9,0
8,913,2,1,2,25/02/2024,0,0,1,9,0
8,914,2,1,2,25/02/2024,0,0,1,9,0
8,915,2,1,2,25/02/2024,0,0,1,9,0
8,916,2,1,2,25/02/2024,0,0,1,9,0
8,917,2,1,2,25/02/2024,0,0,1,9,0
8,918,2,1,2,25/02/2024,0,0,1,9,0
8,919,2,NA,2,25/02/2024,0,0,1,9,0
8,920,2,NA,2,25/02/2024,0,0,1,9,0
8,921,3,1,2,25/02/2024,0,0,1,9,0
8,922,3,1,2,25/02/2024,0,0,1,9,0
8,923,3,1,2,25/02/2024,0,0,1,9,0
8,924,3,1,2,25/02/2024,0,0,1,9,0
8,925,3,1,2,25/02/2024,0,0,1,9,0
8,926,3,1,2,25/02/2024,0,0,1,9,0
8,927,3,1,2,25/02/2024,0,0,1,9,0
8,928,3,1,2,25/02/2024,0,0,1,9,0
8,929,3,1,2,25/02/2024,0,0,1,9,0
8,930,3,1,2,25/02/2024,0,0,1,9,0
8,931,3,1,2,25/02/2024,0,0,1,9,0
8,932,3,1,2,25/02/2024,0,0,1,9,0
8,933,3,1,2,25/02/2024,0,0,1,9,0
8,934,3,1,2,25/02/2024,0,0,1,9,0
8,935,3,1,2,25/02/2024,0,0,1,9,0
8,936,3,1,2,25/02/2024,0,0,1,9,0
8,937,3,1,2,25/02/2024,0,0,1,9,0
8,938,3,1,2,25/02/2024,0,0,1,9,0
8,939,3,1,2,25/02/2024,0,0,1,9,0
8,940,3,1,2,25/02/2024,0,0,1,9,0
8,941,3,1,2,25/02/2024,0,0,1,9,0
8,942,3,1,2,25/02/2024,0,0,1,9,0
8,943,3,1,2,25/02/2024,0,0,1,9,0
8,944,3,1,2,25/02/2024,0,0,1,9,0
8,945,3,1,2,25/02/2024,0,0,1,9,0
8,946,3,1,2,25/02/2024,0,0,1,9,0
8,947,3,1,2,25/02/2024,0,0,1,9,0
8,948,3,1,2,25/02/2024,0,0,1,9,0
8,949,3,1,2,25/02/2024,0,0,1,9,0
8,950,3,1,2,25/02/2024,0,0,1,9,0
8,951,3,1,2,25/02/2024,0,0,1,9,0
8,952,3,1,2,25/02/2024,0,0,1,9,0
8,953,3,1,2,25/02/2024,0,0,1,9,0
8,954,3,1,2,25/02/2024,0,0,1,9,0
8,955,3,1,2,25/02/2024,0,0,1,9,0
8,956,3,1,2,25/02/2024,0,0,1,9,0
8,957,3,1,2,25/02/2024,0,0,1,9,0
8,958,3,1,2,25/02/2024,0,0,1,9,0
8,959,3,NA,2,25/02/2024,0,0,1,9,0
8,960,3,NA,2,25/02/2024,0,0,1,9,0
9,961,1,1,1,25/02/2024,0,0,1,9,0
9,962,1,1,1,25/02/2024,0,0,1,9,0
9,963,1,1,1,25/02/2024,0,0,1,9,0
9,964,1,1,1,25/02/2024,0,0,1,9,0
9,965,1,1,1,25/02/2024,0,0,1,9,0
9,966,1,1,1,25/02/2024,0,0,1,9,0
9,967,1,1,1,25/02/2024,0,0,1,9,0
9,968,1,1,1,25/02/2024,0,0,1,9,0
9,969,1,1,1,25/02/2024,0,0,1,9,0
9,970,1,1,1,25/02/2024,0,0,1,9,0
9,971,1,1,1,25/02/2024,0,0,1,9,0
9,972,1,1,1,25/02/2024,0,0,1,9,0
9,973,1,1,1,25/02/2024,0,0,1,9,0
9,974,1,1,1,25/02/2024,0,0,1,9,0
9,975,1,1,1,25/02/2024,0,0,1,9,0
9,976,1,1,1,25/02/2024,0,0,1,9,0
9,977,1,1,1,25/02/2024,0,0,1,9,0
9,978,1,1,1,25/02/2024,0,0,1,9,0
9,979,1,1,1,25/02/2024,0,0,1,9,0
9,980,1,1,1,25/02/2024,0,0,1,9,0
9,981,1,1,1,25/02/2024,0,0,1,9,0
9,982,1,1,1,25/02/2024,0,0,1,9,0
9,983,1,1,1,25/02/2024,0,0,1,9,0
9,984,1,1,1,25/02/2024,0,0,1,9,0
9,985,1,1,1,25/02/2024,0,0,1,9,0
9,986,1,1,1,25/02/2024,0,0,1,9,0
9,987,1,1,1,25/02/2024,0,0,1,9,0
9,988,1,1,1,25/02/2024,0,0,1,9,0
9,989,1,1,1,25/02/2024,0,0,1,9,0
9,990,1,1,1,25/02/2024,0,0,1,9,0
9,991,1,1,1,25/02/2024,0,0,1,9,0
9,992,1,1,1,25/02/2024,0,0,1,9,0
9,993,1,1,1,25/02/2024,0,0,1,9,0
9,994,1,1,1,25/02/2024,0,0,1,9,0
9,995,1,1,1,25/02/2024,0,0,1,9,0
9,996,1,1,1,25/02/2024,0,0,1,9,0
9,997,1,1,1,25/02/2024,0,0,1,9,0
9,998,1,1,1,25/02/2024,0,0,1,9,0
9,999,1,0,1,25/02/2024,0,0,1,9,0
9,1000,1,NA,1,25/02/2024,0,0,1,9,0
9,1001,2,1,1,25/02/2024,0,0,1,9,0
9,1002,2,1,1,25/02/2024,0,0,1,9,0
9,1003,2,1,1,25/02/2024,0,0,1,9,0
9,1004,2,1,1,25/02/2024,0,0,1,9,0
9,1005,2,1,1,25/02/2024,0,0,1,9,0
9,1006,2,1,1,25/02/2024,0,0,1,9,0
9,1007,2,1,1,25/02/2024,0,0,1,9,0
9,1008,2,1,1,25/02/2024,0,0,1,9,0
9,1009,2,1,1,25/02/2024,0,0,1,9,0
9,1010,2,1,1,25/02/2024,0,0,1,9,0
9,1011,2,1,1,25/02/2024,0,0,1,9,0
9,1012,2,1,1,25/02/2024,0,0,1,9,0
9,1013,2,1,1,25/02/2024,0,0,1,9,0
9,1014,2,1,1,25/02/2024,0,0,1,9,0
9,1015,2,1,1,25/02/2024,0,0,1,9,0
9,1016,2,1,1,25/02/2024,0,0,1,9,0
9,1017,2,1,1,25/02/2024,0,0,1,9,0
9,1018,2,1,1,25/02/2024,0,0,1,9,0
9,1019,2,1,1,25/02/2024,0,0,1,9,0
9,1020,2,1,1,25/02/2024,0,0,1,9,0
9,1021,2,1,1,25/02/2024,0,0,1,9,0
9,1022,2,1,1,25/02/2024,0,0,1,9,0
9,1023,2,1,1,25/02/2024,0,0,1,9,0
9,1024,2,1,1,25/02/2024,0,0,1,9,0
9,1025,2,1,1,25/02/2024,0,0,1,9,1
9,1026,2,1,1,25/02/2024,0,0,1,9,1
9,1027,2,0,1,25/02/2024,0,0,1,9,0
9,1028,2,0,1,25/02/2024,0,0,1,9,0
9,1029,2,0,1,25/02/2024,0,0,1,9,0
9,1030,2,0,1,25/02/2024,0,0,1,9,0
9,1031,2,0,1,25/02/2024,0,0,1,9,0
9,1032,2,0,1,25/02/2024,0,0,1,9,0
9,1033,2,0,1,25/02/2024,0,0,1,9,0
9,1034,2,0,1,25/02/2024,0,0,1,9,0
9,1035,2,0,1,25/02/2024,0,0,1,9,0
9,1036,2,0,1,25/02/2024,0,0,1,9,0
9,1037,2,0,1,25/02/2024,0,0,1,9,0
9,1038,2,0,1,25/02/2024,0,0,1,9,0
9,1039,2,NA,1,25/02/2024,0,0,1,9,0
9,1040,2,NA,1,25/02/2024,0,0,1,9,0
9,1041,3,1,1,25/02/2024,0,0,1,9,0
9,1042,3,1,1,25/02/2024,0,0,1,9,0
9,1043,3,1,1,25/02/2024,0,0,1,9,0
9,1044,3,1,1,25/02/2024,0,0,1,9,0
9,1045,3,1,1,25/02/2024,0,0,1,9,0
9,1046,3,1,1,25/02/2024,0,0,1,9,0
9,1047,3,1,1,25/02/2024,0,0,1,9,0
9,1048,3,1,1,25/02/2024,0,0,1,9,0
9,1049,3,1,1,25/02/2024,0,0,1,9,0
9,1050,3,1,1,25/02/2024,0,0,1,9,0
9,1051,3,1,1,25/02/2024,0,0,1,9,0
9,1052,3,1,1,25/02/2024,0,0,1,9,0
9,1053,3,1,1,25/02/2024,0,0,1,9,0
9,1054,3,1,1,25/02/2024,0,0,1,9,0
9,1055,3,1,1,25/02/2024,0,0,1,9,0
9,1056,3,1,1,25/02/2024,0,0,1,9,0
9,1057,3,1,1,25/02/2024,0,0,1,9,0
9,1058,3,1,1,25/02/2024,0,0,1,9,0
9,1059,3,1,1,25/02/2024,0,0,1,9,1
9,1060,3,0,1,25/02/2024,0,0,1,9,0
9,1061,3,0,1,25/02/2024,0,0,1,9,0
9,1062,3,0,1,25/02/2024,0,0,1,9,0
9,1063,3,0,1,25/02/2024,0,0,1,9,0
9,1064,3,0,1,25/02/2024,0,0,1,9,0
9,1065,3,0,1,25/02/2024,0,0,1,9,0
9,1066,3,0,1,25/02/2024,0,0,1,9,0
9,1067,3,0,1,25/02/2024,0,0,1,9,0
9,1068,3,0,1,25/02/2024,0,0,1,9,0
9,1069,3,0,1,25/02/2024,0,0,1,9,0
9,1070,3,0,1,25/02/2024,0,0,1,9,0
9,1071,3,0,1,25/02/2024,0,0,1,9,0
9,1072,3,0,1,25/02/2024,0,0,1,9,0
9,1073,3,0,1,25/02/2024,0,0,1,9,0
9,1074,3,0,1,25/02/2024,0,0,1,9,0
9,1075,3,0,1,25/02/2024,0,0,1,9,0
9,1076,3,0,1,25/02/2024,0,0,1,9,0
9,1077,3,0,1,25/02/2024,0,0,1,9,0
9,1078,3,NA,1,25/02/2024,0,0,1,9,0
9,1079,3,NA,1,25/02/2024,0,0,1,9,0
9,1080,3,NA,1,25/02/2024,0,0,1,9,0
,1081,,,,,,,,,
,1082,,,,,,,,,
,1083,,,,,,,,,
,1084,,,,,,,,,
,1085,,,,,,,,,
,1086,,,,,,,,,
,1087,,,,,,,,,
,1088,,,,,,,,,
,1089,,,,,,,,,
,1090,,,,,,,,,
,1091,,,,,,,,,
,1092,,,,,,,,,
,1093,,,,,,,,,
,1094,,,,,,,,,
,1095,,,,,,,,,
,1096,,,,,,,,,
,1097,,,,,,,,,
,1098,,,,,,,,,
,1099,,,,,,,,,
,1100,,,,,,,,,
,1101,,,,,,,,,
,1102,,,,,,,,,
,1103,,,,,,,,,
,1104,,,,,,,,,
,1105,,,,,,,,,
,1106,,,,,,,,,
,1107,,,,,,,,,
,1108,,,,,,,,,
,1109,,,,,,,,,
,1110,,,,,,,,,
,1111,,,,,,,,,
,1112,,,,,,,,,
,1113,,,,,,,,,
,1114,,,,,,,,,
,1115,,,,,,,,,
,1116,,,,,,,,,
,1117,,,,,,,,,
,1118,,,,,,,,,
,1119,,,,,,,,,
,1120,,,,,,,,,
,1121,,,,,,,,,
,1122,,,,,,,,,
,1123,,,,,,,,,
,1124,,,,,,,,,
,1125,,,,,,,,,
,1126,,,,,,,,,
,1127,,,,,,,,,
,1128,,,,,,,,,
,1129,,,,,,,,,
,1130,,,,,,,,,
,1131,,,,,,,,,
,1132,,,,,,,,,
,1133,,,,,,,,,
,1134,,,,,,,,,
,1135,,,,,,,,,
,1136,,,,,,,,,
,1137,,,,,,,,,
,1138,,,,,,,,,
,1139,,,,,,,,,
,1140,,,,,,,,,
,1141,,,,,,,,,
,1142,,,,,,,,,
,1143,,,,,,,,,
,1144,,,,,,,,,
,1145,,,,,,,,,
,1146,,,,,,,,,
,1147,,,,,,,,,
,1148,,,,,,,,,
,1149,,,,,,,,,
,1150,,,,,,,,,
,1151,,,,,,,,,
,1152,,,,,,,,,
,1153,,,,,,,,,
,1154,,,,,,,,,
,1155,,,,,,,,,
,1156,,,,,,,,,
,1157,,,,,,,,,
,1158,,,,,,,,,
,1159,,,,,,,,,
,1160,,,,,,,,,
,1161,,,,,,,,,
,1162,,,,,,,,,
,1163,,,,,,,,,
,1164,,,,,,,,,
,1165,,,,,,,,,
,1166,,,,,,,,,
,1167,,,,,,,,,
,1168,,,,,,,,,
,1169,,,,,,,,,
,1170,,,,,,,,,
,1171,,,,,,,,,
,1172,,,,,,,,,
,1173,,,,,,,,,
,1174,,,,,,,,,
,1175,,,,,,,,,
,1176,,,,,,,,,
,1177,,,,,,,,,
,1178,,,,,,,,,
,1179,,,,,,,,,
,1180,,,,,,,,,
,1181,,,,,,,,,
,1182,,,,,,,,,
,1183,,,,,,,,,
,1184,,,,,,,,,
,1185,,,,,,,,,
,1186,,,,,,,,,
,1187,,,,,,,,,
,1188,,,,,,,,,
,1189,,,,,,,,,
,1190,,,,,,,,,
,1191,,,,,,,,,
,1192,,,,,,,,,
,1193,,,,,,,,,
,1194,,,,,,,,,
,1195,,,,,,,,,
,1196,,,,,,,,,
,1197,,,,,,,,,
,1198,,,,,,,,,
,1199,,,,,,,,,
,1200,,,,,,,,,
,1201,,,,,,,,,
,1202,,,,,,,,,
,1203,,,,,,,,,
,1204,,,,,,,,,
,1205,,,,,,,,,
,1206,,,,,,,,,
,1207,,,,,,,,,
,1208,,,,,,,,,
,1209,,,,,,,,,
,1210,,,,,,,,,
,1211,,,,,,,,,
,1212,,,,,,,,,
,1213,,,,,,,,,
,1214,,,,,,,,,
,1215,,,,,,,,,
,1216,,,,,,,,,
,1217,,,,,,,,,
,1218,,,,,,,,,
,1219,,,,,,,,,
,1220,,,,,,,,,
,1221,,,,,,,,,
,1222,,,,,,,,,
,1223,,,,,,,,,
,1224,,,,,,,,,
,1225,,,,,,,,,
,1226,,,,,,,,,
,1227,,,,,,,,,
,1228,,,,,,,,,
,1229,,,,,,,,,
,1230,,,,,,,,,
,1231,,,,,,,,,
,1232,,,,,,,,,
,1233,,,,,,,,,
,1234,,,,,,,,,
,1235,,,,,,,,,
,1236,,,,,,,,,
,1237,,,,,,,,,
,1238,,,,,,,,,
,1239,,,,,,,,,
,1240,,,,,,,,,
,1241,,,,,,,,,
,1242,,,,,,,,,
,1243,,,,,,,,,
,1244,,,,,,,,,
,1245,,,,,,,,,
,1246,,,,,,,,,
,1247,,,,,,,,,
,1248,,,,,,,,,
,1249,,,,,,,,,
,1250,,,,,,,,,
,1251,,,,,,,,,
,1252,,,,,,,,,
,1253,,,,,,,,,
,1254,,,,,,,,,
,1255,,,,,,,,,
,1256,,,,,,,,,
,1257,,,,,,,,,
,1258,,,,,,,,,
,1259,,,,,,,,,
,1260,,,,,,,,,
,1261,,,,,,,,,
,1262,,,,,,,,,
,1263,,,,,,,,,
,1264,,,,,,,,,
,1265,,,,,,,,,
,1266,,,,,,,,,
,1267,,,,,,,,,
,1268,,,,,,,,,
,1269,,,,,,,,,
,1270,,,,,,,,,
,1271,,,,,,,,,
,1272,,,,,,,,,
,1273,,,,,,,,,
,1274,,,,,,,,,
,1275,,,,,,,,,
,1276,,,,,,,,,
,1277,,,,,,,,,
,1278,,,,,,,,,
,1279,,,,,,,,,
,1280,,,,,,,,,
,1281,,,,,,,,,
,1282,,,,,,,,,
,1283,,,,,,,,,
,1284,,,,,,,,,
,1285,,,,,,,,,
,1286,,,,,,,,,
,1287,,,,,,,,,
,1288,,,,,,,,,
,1289,,,,,,,,,
,1290,,,,,,,,,
,1291,,,,,,,,,
,1292,,,,,,,,,
,1293,,,,,,,,,
,1294,,,,,,,,,
,1295,,,,,,,,,
,1296,,,,,,,,,
,1297,,,,,,,,,
,1298,,,,,,,,,
,1299,,,,,,,,,
,1300,,,,,,,,,
,1301,,,,,,,,,
,1302,,,,,,,,,
,1303,,,,,,,,,
,1304,,,,,,,,,
,1305,,,,,,,,,
,1306,,,,,,,,,
,1307,,,,,,,,,
,1308,,,,,,,,,
,1309,,,,,,,,,
,1310,,,,,,,,,
,1311,,,,,,,,,
,1312,,,,,,,,,
,1313,,,,,,,,,
,1314,,,,,,,,,
,1315,,,,,,,,,
,1316,,,,,,,,,
,1317,,,,,,,,,
,1318,,,,,,,,,
,1319,,,,,,,,,
,1320,,,,,,,,,
,1321,,,,,,,,,
,1322,,,,,,,,,
,1323,,,,,,,,,
,1324,,,,,,,,,
,1325,,,,,,,,,
,1326,,,,,,,,,
,1327,,,,,,,,,
,1328,,,,,,,,,
,1329,,,,,,,,,
,1330,,,,,,,,,
,1331,,,,,,,,,
,1332,,,,,,,,,
,1333,,,,,,,,,
,1334,,,,,,,,,
,1335,,,,,,,,,
,1336,,,,,,,,,
,1337,,,,,,,,,
,1338,,,,,,,,,
,1339,,,,,,,,,
,1340,,,,,,,,,
,1341,,,,,,,,,
,1342,,,,,,,,,
,1343,,,,,,,,,
,1344,,,,,,,,,
,1345,,,,,,,,,
,1346,,,,,,,,,
,1347,,,,,,,,,
,1348,,,,,,,,,
,1349,,,,,,,,,
,1350,,,,,,,,,
,1351,,,,,,,,,
,1352,,,,,,,,,
,1353,,,,,,,,,
,1354,,,,,,,,,
,1355,,,,,,,,,
,1356,,,,,,,,,
,1357,,,,,,,,,
,1358,,,,,,,,,
,1359,,,,,,,,,
,1360,,,,,,,,,
,1361,,,,,,,,,
,1362,,,,,,,,,
,1363,,,,,,,,,
,1364,,,,,,,,,
,1365,,,,,,,,,
,1366,,,,,,,,,
,1367,,,,,,,,,
,1368,,,,,,,,,
,1369,,,,,,,,,
,1370,,,,,,,,,
,1371,,,,,,,,,
,1372,,,,,,,,,
,1373,,,,,,,,,
,1374,,,,,,,,,
,1375,,,,,,,,,
,1376,,,,,,,,,
,1377,,,,,,,,,
,1378,,,,,,,,,
,1379,,,,,,,,,
,1380,,,,,,,,,
,1381,,,,,,,,,
,1382,,,,,,,,,
,1383,,,,,,,,,
,1384,,,,,,,,,
,1385,,,,,,,,,
,1386,,,,,,,,,
,1387,,,,,,,,,
,1388,,,,,,,,,
,1389,,,,,,,,,
,1390,,,,,,,,,
,1391,,,,,,,,,
,1392,,,,,,,,,
,1393,,,,,,,,,
,1394,,,,,,,,,
,1395,,,,,,,,,
,1396,,,,,,,,,
,1397,,,,,,,,,
,1398,,,,,,,,,
,1399,,,,,,,,,
,1400,,,,,,,,,
,1401,,,,,,,,,
,1402,,,,,,,,,
,1403,,,,,,,,,
,1404,,,,,,,,,
,1405,,,,,,,,,
,1406,,,,,,,,,
,1407,,,,,,,,,
,1408,,,,,,,,,
,1409,,,,,,,,,
,1410,,,,,,,,,
,1411,,,,,,,,,
,1412,,,,,,,,,
,1413,,,,,,,,,
,1414,,,,,,,,,
,1415,,,,,,,,,
,1416,,,,,,,,,
,1417,,,,,,,,,
,1418,,,,,,,,,
,1419,,,,,,,,,
,1420,,,,,,,,,
,1421,,,,,,,,,
,1422,,,,,,,,,
,1423,,,,,,,,,
,1424,,,,,,,,,
,1425,,,,,,,,,
,1426,,,,,,,,,
,1427,,,,,,,,,
,1428,,,,,,,,,
,1429,,,,,,,,,
,1430,,,,,,,,,
,1431,,,,,,,,,
,1432,,,,,,,,,
,1433,,,,,,,,,
,1434,,,,,,,,,
,1435,,,,,,,,,
,1436,,,,,,,,,
,1437,,,,,,,,,
,1438,,,,,,,,,
,1439,,,,,,,,,
,1440,,,,,,,,,
